t,i,m,e,s
1763362339.253788
1763362339.522519
1763362339.7750652
1763362340.0346198
1763362340.29003
1763362340.545467
1763362340.800051
1763362341.053663
1763362341.30576
1763362341.553026
1763362341.805554
1763362342.054878
1763362342.303814
1763362342.556152
1763362342.80757
1763362343.060576
1763362343.315041
1763362343.559554
1763362343.811559
1763362344.0675
1763362344.3256152
1763362344.586079
1763362344.840745
1763362345.094954
1763362345.35285
1763362345.6083891
1763362345.871289
1763362346.131077
1763362346.414088
1763362346.674248
1763362346.9353752
1763362347.18526
1763362347.443205
1763362347.705278
1763362347.957576
1763362348.213003
1763362348.463836
1763362348.7188601
1763362348.967691
1763362349.223121
1763362349.478337
1763362349.736234
1763362349.9919639
1763362350.2458858
1763362350.506434
1763362350.749533
1763362351.007861
1763362351.2642171
1763362351.520937
1763362351.779739
1763362352.040759
1763362352.294967
1763362352.54948
1763362352.805075
1763362353.062479
1763362353.3231628
1763362353.582478
1763362353.827717
1763362354.086287
1763362354.350862
1763362354.605379
1763362354.860009
1763362355.110914
1763362355.3695402
1763362355.628462
1763362355.884711
1763362356.1430368
1763362356.399266
1763362356.664267
1763362356.923965
1763362357.185208
1763362357.4387698
1763362357.69377
1763362357.9527
1763362358.212487
1763362358.473312
1763362358.727499
1763362358.986451
1763362359.245002
1763362359.501577
1763362359.748696
1763362360.004694
1763362360.2542222
1763362360.506475
1763362360.7590752
1763362361.016428
1763362361.2606468
1763362361.516084
1763362361.7748091
1763362362.030153
1763362362.287461
1763362362.54856
1763362362.807033
1763362363.070814
1763362363.322248
1763362363.571285
1763362363.833573
1763362364.090239
1763362364.3487208
1763362364.594081
1763362364.853806
1763362365.1115131
1763362365.36364
1763362365.616676
1763362365.87265
1763362366.1317902
1763362366.382278
1763362366.640244
1763362366.8969548
1763362367.149209
1763362367.399872
1763362367.654285
1763362367.915162
1763362368.1688151
1763362368.426892
1763362368.6809878
1763362368.936796
1763362369.1886961
1763362369.4468942
1763362369.7029529
1763362369.9584482
1763362370.217315
1763362370.4722428
1763362370.72311
1763362370.982978
1763362371.236058
1763362371.4900181
1763362371.7444649
1763362371.989192
1763362372.2397351
1763362372.485703
1763362372.7455091
1763362373.006193
1763362373.262232
1763362373.518443
1763362373.781579
1763362374.032887
1763362374.2854998
1763362374.5375628
1763362374.789056
1763362375.045274
1763362375.294434
1763362375.551856
1763362375.805315
1763362376.061475
1763362376.320683
1763362376.5933928
1763362376.84448
1763362377.099892
1763362377.356925
1763362377.613964
1763362377.866245
1763362378.126345
1763362378.380943
1763362378.624506
1763362378.8758779
1763362379.132879
1763362379.3904011
1763362379.64885
1763362379.9043221
1763362380.151455
1763362380.4034739
1763362380.660289
1763362380.9147992
1763362381.168246
1763362381.423737
1763362381.6759622
1763362381.932041
1763362382.188492
1763362382.437103
1763362382.691921
1763362382.9373891
1763362383.1859462
1763362383.441068
1763362383.696358
1763362383.950675
1763362384.206232
1763362384.45451
1763362384.711062
1763362384.956712
1763362385.2165601
1763362385.4688041
1763362385.726648
1763362385.982422
1763362386.2292302
1763362386.47841
1763362386.73072
1763362386.981308
1763362387.231947
1763362387.486495
1763362387.7391932
1763362387.989752
1763362388.244819
1763362388.494745
1763362388.754637
1763362389.010908
1763362389.257143
1763362389.5141902
1763362389.764765
1763362390.022141
1763362390.281148
1763362390.5402062
1763362390.800642
1763362391.055978
1763362391.316462
1763362391.566612
1763362391.821978
1763362392.068162
1763362392.32574
1763362392.57917
1763362392.831172
1763362393.090361
1763362393.348416
1763362393.6022882
1763362393.850473
1763362394.101703
1763362394.3499331
1763362394.601396
1763362394.852248
1763362395.1056058
1763362395.356935
1763362395.6156101
1763362395.874937
1763362396.1273012
1763362396.384695
1763362396.642484
1763362396.894936
1763362397.159928
1763362397.415168
1763362397.672809
1763362397.937428
1763362398.1964328
1763362398.451216
1763362398.700557
1763362398.953741
1763362399.210031
1763362399.469026
1763362399.7156742
1763362399.973158
1763362400.223979
1763362400.482391
1763362400.7387898
1763362400.9899251
1763362401.2380779
1763362401.490421
1763362401.748415
1763362402.008121
1763362402.2677948
1763362402.5199208
1763362402.7708669
1763362403.0296772
1763362403.285904
1763362403.545346
1763362403.805063
1763362404.057156
1763362404.313353
1763362404.571077
1763362404.824676
1763362405.076341
1763362405.3289878
1763362405.574559
1763362405.8271701
1763362406.082965
1763362406.340159
1763362406.597623
1763362406.855212
1763362407.1083279
1763362407.364514
1763362407.620225
1763362407.8713899
1763362408.121262
1763362408.367054
1763362408.617734
1763362408.87248
1763362409.122887
1763362409.3832488
1763362409.636369
1763362409.88735
1763362410.140608
1763362410.3932521
1763362410.64707
1763362410.9041002
1763362411.163445
1763362411.420256
1763362411.6699588
1763362411.9171221
1763362412.170093
1763362412.429198
1763362412.682297
1763362412.9373062
1763362413.1875389
1763362413.445822
1763362413.692193
1763362413.946597
1763362414.205981
1763362414.473761
1763362414.7280362
1763362414.984082
1763362415.237538
1763362415.488744
1763362415.738602
1763362415.9918342
1763362416.238204
1763362416.484993
1763362416.73998
1763362416.991759
1763362417.254109
1763362417.512527
1763362417.767314
1763362418.025294
1763362418.3643498
1763362418.62268
1763362418.8967218
1763362419.151598
1763362419.397274
1763362419.654666
1763362419.90492
1763362420.170231
1763362420.425334
1763362420.670806
1763362420.926005
1763362421.180286
1763362421.437032
1763362421.694056
1763362421.949986
1763362422.201395
1763362422.45294
1763362422.699875
1763362422.953078
1763362423.205405
1763362423.460856
1763362423.719062
1763362423.9725811
1763362424.2298
1763362424.490195
1763362424.75148
1763362425.0095801
1763362425.263414
1763362425.524767
1763362425.780718
1763362426.0351932
1763362426.2820768
1763362426.542772
1763362426.799886
1763362427.0632849
1763362427.3210812
1763362427.575914
1763362427.828928
1763362428.082688
1763362428.3399198
1763362428.595211
1763362428.850492
1763362429.1056058
1763362429.363224
1763362429.6164968
1763362429.871169
1763362430.120947
1763362430.369397
1763362430.628132
1763362430.8810291
1763362431.135097
1763362431.390986
1763362431.648561
1763362431.907973
1763362432.164176
1763362432.4229708
1763362432.682079
1763362432.9403908
1763362433.1922529
1763362433.4412632
1763362433.6980941
1763362433.953481
1763362434.2113621
1763362434.4577768
1763362434.713272
1763362434.967285
1763362435.220782
1763362435.4771378
1763362435.7355368
1763362435.996963
1763362436.255967
1763362436.513359
1763362436.767523
1763362437.02617
1763362437.2719092
1763362437.524359
1763362437.782437
1763362438.0365922
1763362438.2901278
1763362438.549692
1763362438.802598
1763362439.046271
1763362439.3016162
1763362439.551307
1763362439.81081
1763362440.067799
1763362440.321402
1763362440.579381
1763362440.827646
1763362441.082585
1763362441.334313
1763362441.588236
1763362441.846643
1763362442.102802
1763362442.3563452
1763362442.602853
1763362442.854413
1763362443.1097238
1763362443.359342
1763362443.615613
1763362443.873568
1763362444.128202
1763362444.3770502
1763362444.633593
1763362444.891177
1763362445.149756
1763362445.4041002
1763362445.657233
1763362445.915919
1763362446.17034
1763362446.4263418
1763362446.6851032
1763362446.943012
1763362447.198456
1763362447.457283
1763362447.71407
1763362447.971189
1763362448.231231
1763362448.482164
1763362448.727178
1763362448.981334
1763362449.239805
1763362449.496045
1763362449.751876
1763362450.007162
1763362450.265899
1763362450.520718
1763362450.773058
1763362451.025192
1763362451.278112
1763362451.531741
1763362451.790745
1763362452.044974
1763362452.302606
1763362452.561316
1763362452.820099
1763362453.070972
1763362453.324665
1763362453.578134
1763362453.831145
1763362454.0910468
1763362454.350187
1763362454.6086771
1763362454.863163
1763362455.119776
1763362455.372354
1763362455.6285062
1763362455.8843892
1763362456.1365042
1763362456.3888052
1763362456.639665
1763362456.894113
1763362457.146966
1763362457.395814
1763362457.654733
1763362457.913841
1763362458.1659
1763362458.417187
1763362458.6686149
1763362458.92494
1763362459.173735
1763362459.43127
1763362459.68608
1763362459.937547
1763362460.195081
1763362460.43843
1763362460.6923578
1763362460.948993
1763362461.204482
1763362461.4628391
1763362461.718949
1763362461.97915
1763362462.2424588
1763362462.496151
1763362462.75051
1763362463.01391
1763362463.272702
1763362463.5340219
1763362463.7904792
1763362464.050281
1763362464.313903
1763362464.5677838
1763362464.8183732
1763362465.0798452
1763362465.328083
1763362465.5743418
1763362465.832003
1763362466.0837388
1763362466.331159
1763362466.585508
1763362466.837793
1763362467.088172
1763362467.347411
1763362467.604352
1763362467.8714619
1763362468.123847
1763362468.375682
1763362468.635215
1763362468.890476
1763362469.138196
1763362469.3989792
1763362469.6475992
1763362469.898776
1763362470.154315
1763362470.412747
1763362470.663082
1763362470.9188328
1763362471.171783
1763362471.429962
1763362471.687053
1763362471.93787
1763362472.198055
1763362472.4485629
1763362472.700969
1763362472.959508
1763362473.2157362
1763362473.469192
1763362473.715297
1763362473.963968
1763362474.211221
1763362474.465469
1763362474.725145
1763362474.982827
1763362475.235548
1763362475.4896598
1763362475.7467039
1763362476.001227
1763362476.257201
1763362476.512836
1763362476.76895
1763362477.018667
1763362477.272833
1763362477.526199
1763362477.781805
1763362478.037406
1763362478.2938979
1763362478.545145
1763362478.801184
1763362479.058194
1763362479.310575
1763362479.562089
1763362479.81548
1763362480.069289
1763362480.330056
1763362480.586333
1763362480.831521
1763362481.084268
1763362481.3459399
1763362481.594246
1763362481.84755
1763362482.099607
1763362482.3500319
1763362482.611027
1763362482.86358
1763362483.11328
1763362483.372422
1763362483.6345441
1763362483.89682
1763362484.1547499
1763362484.399638
1763362484.652063
1763362484.907318
1763362485.159969
1763362485.4183612
1763362485.668853
1763362485.927178
1763362486.180227
1763362486.4421802
1763362486.702035
1763362486.9577112
1763362487.2059011
1763362487.46223
1763362487.7131362
1763362487.9654322
1763362488.2128892
1763362488.4674869
1763362488.725055
1763362488.9794261
1763362489.236277
1763362489.488949
1763362489.7363799
1763362489.991576
1763362490.2403
1763362490.4911401
1763362490.740617
1763362490.9955919
1763362491.251965
1763362491.5111191
1763362491.764611
1763362492.017487
1763362492.273186
1763362492.5269902
1763362492.775536
1763362493.027914
1763362493.283147
1763362493.531337
1763362493.7954838
1763362494.0577018
1763362494.3169339
1763362494.569503
1763362494.824128
1763362495.078967
1763362495.333083
1763362495.5834181
1763362495.836363
1763362496.094187
1763362496.3393369
1763362496.594965
1763362496.8463302
1763362497.103036
1763362497.3586938
1763362497.616944
1763362497.8668
1763362498.123253
1763362498.381082
1763362498.637874
1763362498.889749
1763362499.1436439
1763362499.402333
1763362499.654777
1763362499.912431
1763362500.1665332
1763362500.418716
1763362500.6792178
1763362500.936175
1763362501.191993
1763362501.444087
1763362501.6966982
1763362501.95378
1763362502.210528
1763362502.4659462
1763362502.7217221
1763362502.9712782
1763362503.222156
1763362503.478703
1763362503.7346601
1763362503.983881
1763362504.2344708
1763362504.492854
1763362504.746563
1763362504.996311
1763362505.249962
1763362505.4960158
1763362505.755869
1763362506.019783
1763362506.266665
1763362506.522061
1763362506.779834
1763362507.042586
1763362507.295344
1763362507.545419
1763362507.804946
1763362508.064478
1763362508.3206038
1763362508.574474
1763362508.83025
1763362509.083714
1763362509.342359
1763362509.5951622
1763362509.853555
1763362510.114293
1763362510.376354
1763362510.622688
1763362510.880223
1763362511.136854
1763362511.387509
1763362511.6447392
1763362511.902981
1763362512.157821
1763362512.4187431
1763362512.676646
1763362512.9317172
1763362513.185382
1763362513.44477
1763362513.698176
1763362513.9510279
1763362514.207573
1763362514.459038
1763362514.712398
1763362514.967016
1763362515.2194712
1763362515.469355
1763362515.7230809
1763362515.973281
1763362516.227575
1763362516.4785511
1763362516.726559
1763362516.991767
1763362517.2509792
1763362517.509567
1763362517.762817
1763362518.027426
1763362518.284377
1763362518.54571
1763362518.800821
1763362519.056719
1763362519.3120482
1763362519.563786
1763362519.822072
1763362520.0807161
1763362520.3307378
1763362520.579198
1763362520.8359349
1763362521.095828
1763362521.353034
1763362521.609249
1763362521.859964
1763362522.111239
1763362522.366116
1763362522.6171541
1763362522.866815
1763362523.125663
1763362523.381394
1763362523.634526
1763362523.886328
1763362524.143213
1763362524.393357
1763362524.651912
1763362524.9110599
1763362525.165223
1763362525.4223459
1763362525.6746938
1763362525.9199228
1763362526.174691
1763362526.424899
1763362526.684486
1763362526.938097
1763362527.192534
1763362527.442135
1763362527.698463
1763362527.947998
1763362528.203804
1763362528.461299
1763362528.717512
1763362528.970669
1763362529.2289448
1763362529.486001
1763362529.733859
1763362529.9851022
1763362530.2333188
1763362530.488857
1763362530.74497
1763362531.002784
1763362531.2595131
1763362531.51448
1763362531.765634
1763362532.024919
1763362532.278672
1763362532.5324202
1763362532.7928078
1763362533.0518231
1763362533.3104498
1763362533.5665941
1763362533.816969
1763362534.079155
1763362534.3356001
1763362534.5857651
1763362534.841558
1763362535.09663
1763362535.351229
1763362535.597762
1763362535.853915
1763362536.098621
1763362536.3522508
1763362536.609782
1763362536.866194
1763362537.124804
1763362537.373051
1763362537.632249
1763362537.883283
1763362538.132025
1763362538.39164
1763362538.644651
1763362538.8999622
1763362539.1574469
1763362539.4152598
1763362539.663077
1763362539.918854
1763362540.177589
1763362540.433912
1763362540.6911628
1763362540.943865
1763362541.200313
1763362541.452107
1763362541.700029
1763362541.955379
1763362542.212332
1763362542.464788
1763362542.716118
1763362542.974477
1763362543.227242
1763362543.4809759
1763362543.733592
1763362543.9883058
1763362544.242131
1763362544.49823
1763362544.7428339
1763362544.995143
1763362545.2505322
1763362545.5057411
1763362545.763467
1763362546.022948
1763362546.278691
1763362546.5264032
1763362546.779302
1763362547.040183
1763362547.293411
1763362547.549095
1763362547.8044622
1763362548.058613
1763362548.331267
1763362548.584756
1763362548.8490062
1763362549.113993
1763362549.375543
1763362549.64212
1763362549.8991518
1763362550.145507
1763362550.397504
1763362550.645696
1763362550.9023738
1763362551.1587331
1763362551.409718
1763362551.6617541
1763362551.920022
1763362552.170047
1763362552.427587
1763362552.682158
1763362552.9346912
1763362553.18698
1763362553.444085
1763362553.6948469
1763362553.9455402
1763362554.197097
1763362554.453929
1763362554.706916
1763362554.9583292
1763362555.213686
1763362555.475917
1763362555.733732
1763362555.983478
1763362556.237198
1763362556.497395
1763362556.75301
1763362557.009111
1763362557.261651
1763362557.5110888
1763362557.766732
1763362558.0210502
1763362558.275929
1763362558.532077
1763362558.78411
1763362559.0372689
1763362559.293083
1763362559.55129
1763362559.807219
1763362560.062763
1763362560.322714
1763362560.578515
1763362560.833845
1763362561.085514
1763362561.338295
1763362561.5940852
1763362561.8483121
1763362562.101106
1763362562.3541288
1763362562.604074
1763362562.856215
1763362563.111019
1763362563.365268
1763362563.615415
1763362563.866497
1763362564.115084
1763362564.367542
1763362564.614352
1763362564.8673851
1763362565.123934
1763362565.3833642
1763362565.640574
1763362565.8902972
1763362566.1475468
1763362566.407268
1763362566.66506
1763362566.91452
1763362567.163397
1763362567.430601
1763362567.6861062
1763362567.94725
1763362568.2007391
1763362568.45571
1763362568.711125
1763362568.9802802
1763362569.2425568
1763362569.499281
1763362569.755334
1763362570.014287
1763362570.265295
1763362570.516025
1763362570.7720058
1763362571.027294
1763362571.2806442
1763362571.5308611
1763362571.791413
1763362572.04537
1763362572.30261
1763362572.554809
1763362572.810689
1763362573.070136
1763362573.321304
1763362573.578367
1763362573.833993
1763362574.092242
1763362574.3451
1763362574.6007218
1763362574.854677
1763362575.1202838
1763362575.387636
1763362575.640533
1763362575.892025
1763362576.1419551
1763362576.394888
1763362576.647776
1763362576.902399
1763362577.167296
1763362577.4201899
1763362577.677526
1763362577.933162
1763362578.192945
1763362578.4458802
1763362578.699531
1763362578.950969
1763362579.21154
1763362579.472616
1763362579.736327
1763362579.984158
1763362580.245536
1763362580.505567
1763362580.761656
1763362581.020421
1763362581.281733
1763362581.535102
1763362581.794285
1763362582.051347
1763362582.304223
1763362582.563009
1763362582.816282
1763362583.067394
1763362583.3210728
1763362583.576937
1763362583.832066
1763362584.085769
1763362584.3461561
1763362584.595635
1763362584.853834
1763362585.107878
1763362585.3626409
1763362585.618176
1763362585.880277
1763362586.137279
1763362586.389209
1763362586.6483772
1763362586.9024918
1763362587.159551
1763362587.4139981
1763362587.671851
1763362587.927794
1763362588.201558
1763362588.460122
1763362588.7131362
1763362588.963535
1763362589.218017
1763362589.466382
1763362589.7339141
1763362589.992384
1763362590.248182
1763362590.507652
1763362590.764813
1763362591.023776
1763362591.278847
1763362591.531679
1763362591.779305
1763362592.035351
1763362592.29365
1763362592.5503502
1763362592.797503
1763362593.054155
1763362593.30406
1763362593.558992
1763362593.815211
1763362594.0779111
1763362594.33305
1763362594.590085
1763362594.844336
1763362595.096568
1763362595.348941
1763362595.6033778
1763362595.85054
1763362596.100925
1763362596.3525581
1763362596.610991
1763362596.858507
1763362597.117226
1763362597.374472
1763362597.630374
1763362597.879942
1763362598.136509
1763362598.387265
1763362598.6328928
1763362598.8860931
1763362599.140142
1763362599.3924422
1763362599.648912
1763362599.901207
1763362600.156909
1763362600.416885
1763362600.675175
1763362600.920172
1763362601.177353
1763362601.4320052
1763362601.688978
1763362601.936345
1763362602.194634
1763362602.454535
1763362602.7104158
1763362602.961214
1763362603.2116601
1763362603.4596
1763362603.71235
1763362603.964897
1763362604.215061
1763362604.4730282
1763362604.727284
1763362604.982582
1763362605.24051
1763362605.4954162
1763362605.748398
1763362605.998824
1763362606.256533
1763362606.5058
1763362606.760921
1763362607.030699
1763362607.285654
1763362607.5446799
1763362607.800647
1763362608.050538
1763362608.30828
1763362608.565978
1763362608.8217878
1763362609.075419
1763362609.332347
1763362609.587949
1763362609.843179
1763362610.0983849
1763362610.3541372
1763362610.6101692
1763362610.861873
1763362611.117276
1763362611.374603
1763362611.6279411
1763362611.8794281
1763362612.1329029
1763362612.3770921
1763362612.6267688
1763362612.87807
1763362613.135038
1763362613.3858309
1763362613.6397812
1763362613.88657
1763362614.1419468
1763362614.397255
1763362614.6527832
1763362614.9096398
1763362615.1564648
1763362615.411807
1763362615.664622
1763362615.924512
1763362616.176564
1763362616.429892
1763362616.6790872
1763362616.937681
1763362617.196526
1763362617.444318
1763362617.700759
1763362617.951854
1763362618.209484
1763362618.46418
1763362618.719826
1763362618.968846
1763362619.22258
1763362619.47721
1763362619.7335382
1763362619.979248
1763362620.2390149
1763362620.489488
1763362620.7437
1763362621.0004091
1763362621.254773
1763362621.5114272
1763362621.770915
1763362622.027722
1763362622.284388
1763362622.544329
1763362622.799278
1763362623.050894
1763362623.3085802
1763362623.560318
1763362623.818043
1763362624.074424
1763362624.331212
1763362624.581791
1763362624.837986
1763362625.088334
1763362625.3492212
1763362625.6022909
1763362625.862965
1763362626.1143239
1763362626.374104
1763362626.629271
1763362626.880369
1763362627.130135
1763362627.38463
1763362627.64334
1763362627.906085
1763362628.1635
1763362628.417633
1763362628.6728342
1763362628.933215
1763362629.191457
1763362629.44595
1763362629.70809
1763362629.962036
1763362630.216164
1763362630.4734662
1763362630.7265909
1763362630.975231
1763362631.228277
1763362631.491544
1763362631.756075
1763362632.012816
1763362632.271193
1763362632.523915
1763362632.776404
1763362633.0316958
1763362633.285165
1763362633.5359092
1763362633.792238
1763362634.057676
1763362634.3128269
1763362634.567837
1763362634.824762
1763362635.078701
1763362635.32722
1763362635.579937
1763362635.831768
1763362636.083123
1763362636.335274
1763362636.59443
1763362636.8509078
1763362637.1221492
1763362637.379043
1763362637.625333
1763362637.881749
1763362638.1403809
1763362638.4028711
1763362638.6585312
1763362638.921144
1763362639.174634
1763362639.4275808
1763362639.691874
1763362639.9542751
1763362640.205835
1763362640.463338
1763362640.720927
1763362640.994154
1763362641.2489758
1763362641.503294
1763362641.7742772
1763362642.028979
1763362642.286979
1763362642.543636
1763362642.798976
1763362643.0681942
1763362643.326144
1763362643.590087
1763362643.857905
1763362644.1204638
1763362644.369875
1763362644.631449
1763362644.892095
1763362645.139602
1763362645.393207
1763362645.656731
1763362645.916136
1763362646.175998
1763362646.437783
1763362646.690416
1763362646.942802
1763362647.20029
1763362647.4545689
1763362647.7201228
1763362647.9761128
1763362648.234144
1763362648.500154
1763362648.757151
1763362649.012652
1763362649.2754922
1763362649.535012
1763362649.785377
1763362650.049925
1763362650.314668
1763362650.581661
1763362650.829437
1763362651.087841
1763362651.348275
1763362651.608458
1763362651.871923
1763362652.1344352
1763362652.391493
1763362652.651029
1763362652.916539
1763362653.182077
1763362653.42934
1763362653.682914
1763362653.94207
1763362654.208693
1763362654.4619431
1763362654.718282
1763362654.969604
1763362655.234637
1763362655.489648
1763362655.746429
1763362656.000192
1763362656.267684
1763362656.525832
1763362656.792362
1763362657.057926
1763362657.3291578
1763362657.597802
1763362657.861699
1763362658.1287282
1763362658.381939
1763362658.62907
1763362658.891807
1763362659.154124
1763362659.4095979
1763362659.6728692
1763362659.925994
1763362660.1857688
1763362660.4389591
1763362660.6952388
1763362660.956813
1763362661.210447
1763362661.473598
1763362661.7246342
1763362661.993883
1763362662.244002
1763362662.5001721
1763362662.7587311
1763362663.021698
1763362663.284336
1763362663.544441
1763362663.795894
1763362664.0482402
1763362664.3108869
1763362664.56186
1763362664.815833
1763362665.086347
1763362665.340418
1763362665.6023948
1763362665.861904
1763362666.1302469
1763362666.3933592
1763362666.650639
1763362666.917778
1763362667.1727302
1763362667.437888
1763362667.704601
1763362667.969156
1763362668.223916
1763362668.4836211
1763362668.7385228
1763362668.9943209
1763362669.2548769
1763362669.515266
1763362669.775313
1763362670.0359428
1763362670.284676
1763362670.547505
1763362670.806892
1763362671.058078
1763362671.31716
1763362671.5774999
1763362671.843265
1763362672.110194
1763362672.3725939
1763362672.632493
1763362672.897852
1763362673.1489248
1763362673.399384
1763362673.663627
1763362673.925706
1763362674.1896892
1763362674.453089
1763362674.713491
1763362674.970651
1763362675.22033
1763362675.483063
1763362675.746293
1763362675.9971
1763362676.27086
1763362676.542943
1763362676.80093
1763362677.0634902
1763362677.3281221
1763362677.5856159
1763362677.836243
1763362678.0968351
1763362678.361791
1763362678.620529
1763362678.8726242
1763362679.1324852
1763362679.391598
1763362679.6444328
1763362679.9118478
1763362680.16134
1763362680.41944
1763362680.6858182
1763362680.948289
1763362681.195861
1763362681.4483368
1763362681.703285
1763362681.9514
1763362682.2086809
1763362682.474293
1763362682.731792
1763362682.997364
1763362683.26228
1763362683.518448
1763362683.775899
1763362684.028034
1763362684.295778
1763362684.56218
1763362684.822888
1763362685.079551
1763362685.340946
1763362685.5929651
1763362685.845268
1763362686.108852
1763362686.363178
1763362686.628074
1763362686.889555
1763362687.149569
1763362687.3997881
1763362687.654382
1763362687.9137359
1763362688.185516
1763362688.433784
1763362688.695602
1763362688.9497302
1763362689.202417
1763362689.4610162
1763362689.716722
1763362689.972043
1763362690.22326
1763362690.4810398
1763362690.744967
1763362691.000234
1763362691.2527292
1763362691.518053
1763362691.779805
1763362692.035376
1763362692.301803
1763362692.565506
1763362692.82305
1763362693.078027
1763362693.325547
1763362693.5747662
1763362693.835694
1763362694.0995982
1763362694.3503292
1763362694.6116061
1763362694.863563
1763362695.1230562
1763362695.385379
1763362695.645056
1763362695.892765
1763362696.1418738
1763362696.397888
1763362696.673006
1763362696.959414
1763362697.22303
1763362697.4787068
1763362697.7327611
1763362697.987114
1763362698.242799
1763362698.5103528
1763362698.769465
1763362699.028394
1763362699.295959
1763362699.558329
1763362699.8225448
1763362700.074959
1763362700.329456
1763362700.579208
1763362700.840965
1763362701.106522
1763362701.3657448
1763362701.617701
1763362701.8718169
1763362702.124916
1763362702.389937
1763362702.64841
1763362702.901085
1763362703.16473
1763362703.416797
1763362703.673215
1763362703.930372
1763362704.190135
1763362704.4486861
1763362704.698955
1763362704.9629881
1763362705.223569
1763362705.481941
1763362705.7363799
1763362705.989272
1763362706.2384331
1763362706.499506
1763362706.755123
1763362707.009002
1763362707.266609
1763362707.520721
1763362707.78143
1763362708.04037
1763362708.301685
1763362708.561512
1763362708.824529
1763362709.085342
1763362709.33475
1763362709.5938408
1763362709.853674
1763362710.119461
1763362710.376116
1763362710.63493
1763362710.89344
1763362711.1518521
1763362711.400785
1763362711.6646001
1763362711.925038
1763362712.189379
1763362712.444798
1763362712.713502
1763362712.980347
1763362713.2455418
1763362713.509595
1763362713.7613518
1763362714.020103
1763362714.2803378
1763362714.547543
1763362714.8120918
1763362715.0633779
1763362715.321245
1763362715.591273
1763362715.8472881
1763362716.10603
1763362716.356439
1763362716.613416
1763362716.880238
1763362717.1292539
1763362717.385801
1763362717.651906
1763362717.908271
1763362718.1661031
1763362718.428601
1763362718.6787221
1763362718.93995
1763362719.194575
1763362719.457055
1763362719.713001
1763362719.9765918
1763362720.2252731
1763362720.4844291
1763362720.742134
1763362721.0044649
1763362721.266895
1763362721.532588
1763362721.78795
1763362722.0436852
1763362722.296932
1763362722.56285
1763362722.813222
1763362723.076313
1763362723.329205
1763362723.5947578
1763362723.851101
1763362724.102997
1763362724.364824
1763362724.620918
1763362724.872322
1763362725.128551
1763362725.3869598
1763362725.658027
1763362725.918708
1763362726.172071
1763362726.436959
1763362726.69101
1763362726.949332
1763362727.216217
1763362727.479811
1763362727.731041
1763362727.987276
1763362728.247073
1763362728.506996
1763362728.764599
1763362729.0192041
1763362729.27766
1763362729.5382059
1763362729.791747
1763362730.045256
1763362730.3077471
1763362730.561009
1763362730.814601
1763362731.066308
1763362731.3285398
1763362731.580752
1763362731.840024
1763362732.092551
1763362732.3495302
1763362732.615315
1763362732.872701
1763362733.128073
1763362733.39567
1763362733.649068
1763362733.911804
1763362734.1641002
1763362734.4215522
1763362734.674973
1763362734.926247
1763362735.178886
1763362735.428471
1763362735.696002
1763362735.9532192
1763362736.2004359
1763362736.460834
1763362736.722404
1763362736.971647
1763362737.230133
1763362737.485069
1763362737.734556
1763362737.988837
1763362738.2495449
1763362738.512466
1763362738.772602
1763362739.022849
1763362739.283494
1763362739.542641
1763362739.7963588
1763362740.058673
1763362740.308226
1763362740.564748
1763362740.816994
1763362741.075365
1763362741.33649
1763362741.58752
1763362741.842659
1763362742.1092951
1763362742.36515
1763362742.618449
1763362742.882842
1763362743.134208
1763362743.3882198
1763362743.642724
1763362743.909472
1763362744.167417
1763362744.42658
1763362744.683501
1763362744.9457102
1763362745.2256482
1763362745.495007
1763362745.763562
1763362746.025737
1763362746.2794628
1763362746.5375931
1763362746.797437
1763362747.046292
1763362747.304011
1763362747.561093
1763362747.818136
1763362748.0821729
1763362748.327091
1763362748.575092
1763362748.837533
1763362749.098081
1763362749.363872
1763362749.6174889
1763362749.8763971
1763362750.1295302
1763362750.37919
1763362750.6412082
1763362750.918117
1763362751.186455
1763362751.4428139
1763362751.7069361
1763362751.9550989
1763362752.213523
1763362752.4736068
1763362752.739014
1763362752.987699
1763362753.245582
1763362753.507431
1763362753.76388
1763362754.020698
1763362754.276939
1763362754.5335848
1763362754.791255
1763362755.0544078
1763362755.323253
1763362755.581027
1763362755.844964
1763362756.106542
1763362756.3621151
1763362756.616422
1763362756.881263
1763362757.14328
1763362757.397345
1763362757.650927
1763362757.9143622
1763362758.170885
1763362758.439136
1763362758.693676
1763362758.952616
1763362759.210892
1763362759.4717472
1763362759.730541
1763362759.99646
1763362760.2486799
1763362760.503614
1763362760.747373
1763362761.012882
1763362761.261569
1763362761.517452
1763362761.773349
1763362762.037463
1763362762.299797
1763362762.5541801
1763362762.805853
1763362763.060391
1763362763.3191712
1763362763.569379
1763362763.823755
1763362764.080158
1763362764.339621
1763362764.598666
1763362764.85651
1763362765.119551
1763362765.3859892
1763362765.645511
1763362765.907211
1763362766.163197
1763362766.4212182
1763362766.680615
1763362766.933024
1763362767.1969228
1763362767.457094
1763362767.7152672
1763362767.97394
1763362768.223752
1763362768.477421
1763362768.7406468
1763362768.996317
1763362769.2610931
1763362769.522895
1763362769.7810812
1763362770.045861
1763362770.30817
1763362770.563204
1763362770.819859
1763362771.0808342
1763362771.338728
1763362771.60131
1763362771.868
1763362772.123797
1763362772.382761
1763362772.6448572
1763362772.906804
1763362773.175423
1763362773.427635
1763362773.6831748
1763362773.9406168
1763362774.206795
1763362774.473686
1763362774.729898
1763362774.992917
1763362775.25327
1763362775.518294
1763362775.7683609
1763362776.024418
1763362776.286668
1763362776.541394
1763362776.7942889
1763362777.0448298
1763362777.289233
1763362777.539408
1763362777.798964
1763362778.0513349
1763362778.307785
1763362778.571676
1763362778.8276532
1763362779.078818
1763362779.339187
1763362779.590898
1763362779.848605
1763362780.1146119
1763362780.362974
1763362780.619713
1763362780.881398
1763362781.141236
1763362781.396071
1763362781.646754
1763362781.910511
1763362782.170232
1763362782.42719
1763362782.69255
1763362782.956893
1763362783.213714
1763362783.475577
1763362783.735405
1763362783.989383
1763362784.246773
1763362784.510378
1763362784.7724311
1763362785.039273
1763362785.306518
1763362785.564337
1763362785.821161
1763362786.079243
1763362786.344694
1763362786.6170769
1763362786.866403
1763362787.1394858
1763362787.3868659
1763362787.6535559
1763362787.9209511
1763362788.184608
1763362788.438786
1763362788.706918
1763362788.9700491
1763362789.230444
1763362789.486526
1763362789.757707
1763362790.017636
1763362790.281149
1763362790.533965
1763362790.796798
1763362791.0543559
1763362791.305666
1763362791.572035
1763362791.832535
1763362792.093759
1763362792.354167
1763362792.607297
1763362792.860728
1763362793.122692
1763362793.382564
1763362793.638276
1763362793.896511
1763362794.1533282
1763362794.414554
1763362794.6797922
1763362794.939156
1763362795.1948109
1763362795.464461
1763362795.7222311
1763362795.973996
1763362796.236075
1763362796.504513
1763362796.7687209
1763362797.040936
1763362797.3080199
1763362797.565388
1763362797.819867
1763362798.084664
1763362798.3472729
1763362798.60728
1763362798.863729
1763362799.1178901
1763362799.3840141
1763362799.640225
1763362799.896631
1763362800.16208
1763362800.4172668
1763362800.673318
1763362800.929187
1763362801.18477
1763362801.443531
1763362801.706025
1763362801.95982
1763362802.214415
1763362802.4788322
1763362802.732003
1763362802.990459
1763362803.238792
1763362803.489488
1763362803.7479072
1763362804.012046
1763362804.273324
1763362804.534518
1763362804.7806778
1763362805.0462961
1763362805.305974
1763362805.560535
1763362805.8281379
1763362806.087341
1763362806.340406
1763362806.602129
1763362806.855573
1763362807.113724
1763362807.365815
1763362807.6207092
1763362807.8804858
1763362808.137949
1763362808.399408
1763362808.657962
1763362808.9173539
1763362809.172956
1763362809.4304042
1763362809.6801121
1763362809.939693
1763362810.198312
1763362810.467414
1763362810.730552
1763362810.977401
1763362811.2312331
1763362811.496235
1763362811.7647989
1763362812.017971
1763362812.273033
1763362812.53931
1763362812.792992
1763362813.053256
1763362813.319506
1763362813.574476
1763362813.835176
1763362814.097784
1763362814.3535008
1763362814.6113448
1763362814.86681
1763362815.123488
1763362815.388682
1763362815.6443021
1763362815.896281
1763362816.1647732
1763362816.4192939
1763362816.67717
1763362816.942914
1763362817.205259
1763362817.457772
1763362817.7088268
1763362817.9633112
1763362818.224677
1763362818.479386
1763362818.7320662
1763362818.987162
1763362819.238909
1763362819.493151
1763362819.7588851
1763362820.0143309
1763362820.260692
1763362820.510729
1763362820.771373
1763362821.034289
1763362821.296798
1763362821.559516
1763362821.8073978
1763362822.0683992
1763362822.327146
1763362822.584051
1763362822.839872
1763362823.1011908
1763362823.3641322
1763362823.6183481
1763362823.872424
1763362824.140745
1763362824.396799
1763362824.661011
1763362824.91259
1763362825.167234
1763362825.4214258
1763362825.681566
1763362825.938464
1763362826.192299
1763362826.441026
1763362826.6880798
1763362826.9549088
1763362827.2173
1763362827.471585
1763362827.733543
1763362827.992047
1763362828.2522519
1763362828.504077
1763362828.758914
1763362829.012456
1763362829.27665
1763362829.53743
1763362829.802145
1763362830.0666828
1763362830.326614
1763362830.5831969
1763362830.83791
1763362831.096788
1763362831.353444
1763362831.618099
1763362831.873515
1763362832.130934
1763362832.393182
1763362832.659432
1763362832.926734
1763362833.184384
1763362833.450421
1763362833.7146618
1763362833.9778402
1763362834.2348218
1763362834.491734
1763362834.7537348
1763362835.012192
1763362835.274422
1763362835.5316968
1763362835.786019
1763362836.038059
1763362836.291272
1763362836.5467489
1763362836.7938502
1763362837.0543108
1763362837.313128
1763362837.5704331
1763362837.828202
1763362838.087244
1763362838.355998
1763362838.614576
1763362838.8793201
1763362839.1392052
1763362839.394549
1763362839.654593
1763362839.906812
1763362840.1707048
1763362840.425726
1763362840.6929998
1763362840.95683
1763362841.2173362
1763362841.471968
1763362841.738233
1763362841.99067
1763362842.245752
1763362842.510217
1763362842.772064
1763362843.029624
1763362843.28905
1763362843.54983
1763362843.8169851
1763362844.0807822
1763362844.332151
1763362844.588619
1763362844.847203
1763362845.112504
1763362845.371284
1763362845.6289291
1763362845.884161
1763362846.144431
1763362846.411825
1763362846.6671722
1763362846.9260318
1763362847.201947
1763362847.464694
1763362847.727523
1763362847.987988
1763362848.2500968
1763362848.5121112
1763362848.773421
1763362849.037195
1763362849.2987351
1763362849.558507
1763362849.8174021
1763362850.07658
1763362850.345056
1763362850.603749
1763362850.86533
1763362851.125168
1763362851.3813188
1763362851.640481
1763362851.8942158
1763362852.142414
1763362852.4004638
1763362852.663326
1763362852.924383
1763362853.184254
1763362853.44851
1763362853.7018151
1763362853.962798
1763362854.219323
1763362854.480326
1763362854.738741
1763362854.9908102
1763362855.244748
1763362855.502079
1763362855.754873
1763362856.019967
1763362856.274672
1763362856.5367339
1763362856.793677
1763362857.062499
1763362857.326266
1763362857.594597
1763362857.847254
1763362858.103681
1763362858.363272
1763362858.628329
1763362858.877343
1763362859.1367402
1763362859.384752
1763362859.648942
1763362859.905153
1763362860.153353
1763362860.411952
1763362860.673721
1763362860.9318552
1763362861.18368
1763362861.437981
1763362861.6997492
1763362861.956737
1763362862.217908
1763362862.4758668
1763362862.735784
1763362862.993716
1763362863.2422972
1763362863.490766
1763362863.7504041
1763362864.008033
1763362864.2749062
1763362864.539267
1763362864.804075
1763362865.061627
1763362865.320698
1763362865.599665
1763362865.8654861
1763362866.120538
1763362866.373951
1763362866.623359
1763362866.880037
1763362867.1379688
1763362867.401567
1763362867.663881
1763362867.92017
1763362868.17018
1763362868.4305332
1763362868.687638
1763362868.941665
1763362869.186066
1763362869.4418402
1763362869.706935
1763362869.959753
1763362870.219224
1763362870.480684
1763362870.744718
1763362870.997775
1763362871.2527869
1763362871.516324
1763362871.7707741
1763362872.0296052
1763362872.2920902
1763362872.556046
1763362872.8137338
1763362873.076454
1763362873.325863
1763362873.575331
1763362873.830383
1763362874.099295
1763362874.3628428
1763362874.622002
1763362874.873912
1763362875.1361
1763362875.3901289
1763362875.644536
1763362875.908557
1763362876.164682
1763362876.424292
1763362876.693692
1763362876.948255
1763362877.218681
1763362877.4735081
1763362877.725291
1763362877.9890702
1763362878.249614
1763362878.5135942
1763362878.771005
1763362879.023233
1763362879.275168
1763362879.528981
1763362879.799602
1763362880.053308
1763362880.319766
1763362880.581942
1763362880.839788
1763362881.0960739
1763362881.3463511
1763362881.613069
1763362881.868244
1763362882.11924
1763362882.38219
1763362882.642988
1763362882.89925
1763362883.155645
1763362883.423859
1763362883.691231
1763362883.949609
1763362884.211484
1763362884.4681642
1763362884.728857
1763362884.9961941
1763362885.244235
1763362885.4990232
1763362885.754526
1763362886.0047271
1763362886.2653801
1763362886.52618
1763362886.777708
1763362887.0341718
1763362887.284437
1763362887.5423338
1763362887.800282
1763362888.058657
1763362888.318201
1763362888.583209
1763362888.8343549
1763362889.096726
1763362889.346999
1763362889.604002
1763362889.865068
1763362890.13268
1763362890.396805
1763362890.649499
1763362890.913428
1763362891.169661
1763362891.415343
1763362891.684059
1763362891.944316
1763362892.1954298
1763362892.448789
1763362892.720052
1763362892.975539
1763362893.2294762
1763362893.484073
1763362893.746186
1763362894.001337
1763362894.267027
1763362894.5313962
1763362894.782198
1763362895.041821
1763362895.301056
1763362895.563645
1763362895.8207848
1763362896.074683
1763362896.330545
1763362896.591648
1763362896.857965
1763362897.113036
1763362897.3693042
1763362897.6293929
1763362897.8865972
1763362898.1433752
1763362898.4041312
1763362898.660146
1763362898.919154
1763362899.180672
1763362899.44155
1763362899.702191
1763362899.9500558
1763362900.2050638
1763362900.4655821
1763362900.7276201
1763362900.9825149
1763362901.2348359
1763362901.495899
1763362901.7605991
1763362902.019038
1763362902.274896
1763362902.5360541
1763362902.7965922
1763362903.054471
1763362903.312642
1763362903.563849
1763362903.822873
1763362904.074101
1763362904.335794
1763362904.5890691
1763362904.844233
1763362905.100242
1763362905.363505
1763362905.625393
1763362905.877495
1763362906.129913
1763362906.381153
1763362906.634838
1763362906.898787
1763362907.160127
1763362907.4216902
1763362907.6789582
1763362907.94351
1763362908.203777
1763362908.458752
1763362908.729544
1763362908.9918249
1763362909.245758
1763362909.5034912
1763362909.764858
1763362910.024616
1763362910.2852879
1763362910.5499551
1763362910.823318
1763362911.089057
1763362911.351595
1763362911.61259
1763362911.8666859
1763362912.119803
1763362912.379004
1763362912.644516
1763362912.9106402
1763362913.158668
1763362913.411564
1763362913.664356
1763362913.922552
1763362914.169687
1763362914.428256
1763362914.6893618
1763362914.9464262
1763362915.219033
1763362915.468014
1763362915.743753
1763362915.9992871
1763362916.2651
1763362916.5289578
1763362916.7911098
1763362917.043207
1763362917.295323
1763362917.5622132
1763362917.813184
1763362918.0751941
1763362918.329464
1763362918.594557
1763362918.8552299
1763362919.118943
1763362919.37946
1763362919.6423528
1763362919.8966641
1763362920.1593559
1763362920.4084458
1763362920.663934
1763362920.917323
1763362921.16844
1763362921.430271
1763362921.682869
1763362921.946458
1763362922.197441
1763362922.450211
1763362922.709464
1763362922.9696178
1763362923.2284071
1763362923.4724538
1763362923.7240791
1763362923.97717
1763362924.234026
1763362924.485695
1763362924.742414
1763362924.995827
1763362925.253852
1763362925.511543
1763362925.767824
1763362926.023343
1763362926.282688
1763362926.5344489
1763362926.8029299
1763362927.055617
1763362927.3187578
1763362927.582552
1763362927.850641
1763362928.115286
1763362928.377812
1763362928.645504
1763362928.896471
1763362929.146715
1763362929.3981829
1763362929.66272
1763362929.9087229
1763362930.170089
1763362930.437488
1763362930.693655
1763362930.949761
1763362931.2082958
1763362931.4681442
1763362931.727094
1763362931.986877
1763362932.236894
1763362932.485939
1763362932.740097
1763362932.995168
1763362933.251464
1763362933.51842
1763362933.777556
1763362934.031033
1763362934.2845209
1763362934.546998
1763362934.811351
1763362935.0688992
1763362935.315687
1763362935.57498
1763362935.834472
1763362936.095413
1763362936.344747
1763362936.5999758
1763362936.856757
1763362937.124115
1763362937.374696
1763362937.642393
1763362937.9137201
1763362938.168112
1763362938.4153018
1763362938.666782
1763362938.9292212
1763362939.189582
1763362939.4517388
1763362939.703918
1763362939.968361
1763362940.2259278
1763362940.482375
1763362940.747355
1763362940.999007
1763362941.2488918
1763362941.509674
1763362941.763465
1763362942.0188642
1763362942.278427
1763362942.536397
1763362942.798079
1763362943.058097
1763362943.315723
1763362943.582491
1763362943.83678
1763362944.1056159
1763362944.357826
1763362944.609588
1763362944.865676
1763362945.120529
1763362945.365866
1763362945.6328828
1763362945.894933
1763362946.156068
1763362946.410513
1763362946.673957
1763362946.9353971
1763362947.19639
1763362947.44909
1763362947.71315
1763362947.9766212
1763362948.230144
1763362948.4859772
1763362948.782261
1763362949.179748
1763362949.450318
1763362949.703804
1763362949.951277
1763362950.1941838
1763362950.455851
1763362950.716007
1763362950.974575
1763362951.231084
1763362951.4897358
1763362951.744902
1763362951.994661
1763362952.247236
1763362952.505833
1763362952.762687
1763362953.0195599
1763362953.270762
1763362953.533134
1763362953.789921
1763362954.054446
1763362954.32411
1763362954.575637
1763362954.8297799
1763362955.080076
1763362955.347544
1763362955.6263611
1763363227.114476
1763363227.409347
1763363227.6825228
1763363227.960172
1763363228.2277172
1763363228.474751
1763363228.740063
1763363228.995276
1763363229.255063
1763363229.5171998
1763363229.783114
1763363230.0416489
1763363230.29231
1763363230.547848
1763363230.80991
1763363231.0586839
1763363231.3057652
1763363231.561565
1763363231.822336
1763363232.071967
1763363232.36977
1763363232.6391811
1763363232.898089
1763363233.204585
1763363233.460526
1763363233.7144141
1763363233.981914
1763363234.266277
1763363234.531122
1763363234.790348
1763363235.0374851
1763363235.2919092
1763363235.559499
1763363235.815955
1763363236.072308
1763363236.3290691
1763363236.5840452
1763363236.830745
1763363237.084102
1763363237.342294
1763363237.6019342
1763363237.853643
1763363238.114614
1763363238.367451
1763363238.6237671
1763363238.884875
1763363239.1440089
1763363239.39241
1763363239.6554759
1763363239.908364
1763363240.152694
1763363240.409003
1763363240.669119
1763363240.91632
1763363241.168577
1763363241.4336572
1763363241.683352
1763363241.9404259
1763363242.194667
1763363242.442421
1763363242.698477
1763363242.951478
1763363243.215706
1763363243.4599628
1763363243.7185411
1763363243.96398
1763363244.2199528
1763363244.480635
1763363244.744205
1763363245.00139
1763363245.256027
1763363245.515876
1763363245.778934
1763363246.033986
1763363246.2910872
1763363246.556726
1763363246.822019
1763363247.078895
1763363247.32951
1763363247.585243
1763363247.837879
1763363248.0934021
1763363248.3401952
1763363248.597664
1763363248.8461618
1763363249.1001248
1763363249.3519502
1763363249.624701
1763363249.8866649
1763363250.1415691
1763363250.40161
1763363250.66531
1763363250.919071
1763363251.163558
1763363251.418208
1763363251.6636329
1763363251.926605
1763363252.193512
1763363252.4512908
1763363252.69491
1763363252.948319
1763363253.207705
1763363253.473312
1763363253.739294
1763363253.986374
1763363254.246231
1763363254.5045052
1763363254.759563
1763363255.019128
1763363255.273341
1763363255.524415
1763363255.770815
1763363256.026292
1763363256.284182
1763363256.534467
1763363256.80443
1763363257.061297
1763363257.3195782
1763363257.572366
1763363257.830901
1763363258.078681
1763363258.3426518
1763363258.589975
1763363258.842869
1763363259.096233
1763363259.3448992
1763363259.5938492
1763363259.849366
1763363260.101931
1763363260.3609211
1763363260.6111202
1763363260.8587892
1763363261.107307
1763363261.357792
1763363261.6129541
1763363261.8631601
1763363262.1213639
1763363262.378826
1763363262.631768
1763363262.879485
1763363263.137555
1763363263.39519
1763363263.648093
1763363263.90717
1763363264.165013
1763363264.417742
1763363264.6797109
1763363264.931425
1763363265.178883
1763363265.430527
1763363265.6782038
1763363265.933456
1763363266.190166
1763363266.451243
1763363266.7076101
1763363266.9697459
1763363267.222267
1763363267.4723
1763363267.721676
1763363267.981475
1763363268.2443259
1763363268.4996438
1763363268.7531579
1763363269.001348
1763363269.2481222
1763363269.511106
1763363269.759925
1763363270.051886
1763363270.3168828
1763363270.591788
1763363270.868868
1763363271.150795
1763363271.4019358
1763363271.641988
1763363271.8854332
1763363272.13953
1763363272.402596
1763363272.670193
1763363272.92362
1763363273.173367
1763363273.423506
1763363273.672111
1763363273.927935
1763363274.1831338
1763363274.436064
1763363274.686904
1763363274.935643
1763363275.186104
1763363275.433486
1763363275.681597
1763363275.93619
1763363276.195097
1763363276.452346
1763363276.7121549
1763363276.9652019
1763363277.2237172
1763363277.485915
1763363277.7487848
1763363278.0074391
1763363278.2766201
1763363278.53399
1763363278.786114
1763363279.047575
1763363279.292191
1763363279.554243
1763363279.8130329
1763363280.066495
1763363280.322691
1763363280.582252
1763363280.844368
1763363281.111665
1763363281.362908
1763363281.631673
1763363281.8827012
1763363282.1389902
1763363282.409397
1763363282.664834
1763363282.921569
1763363283.1968892
1763363283.438302
1763363283.690364
1763363283.949706
1763363284.214082
1763363284.466681
1763363284.724242
1763363284.980863
1763363285.247082
1763363285.505908
1763363285.7639549
1763363286.020427
1763363286.291219
1763363286.5551739
1763363286.803997
1763363287.057203
1763363287.315912
1763363287.565099
1763363287.824237
1763363288.0920131
1763363288.358648
1763363288.611361
1763363288.86531
1763363289.123502
1763363289.366987
1763363289.637383
1763363289.8826802
1763363290.14348
1763363290.3968241
1763363290.642276
1763363290.893381
1763363291.1432939
1763363291.399863
1763363291.643414
1763363291.899222
1763363292.158933
1763363292.415164
1763363292.662245
1763363292.923327
1763363293.180562
1763363293.431563
1763363293.686479
1763363293.9445739
1763363294.19824
1763363294.4469912
1763363294.706076
1763363294.96671
1763363295.225106
1763363295.4750779
1763363295.735799
1763363295.994136
1763363296.255608
1763363296.51613
1763363296.783047
1763363297.0495548
1763363297.300828
1763363297.5514822
1763363297.8141131
1763363298.0689049
1763363298.332385
1763363298.59611
1763363298.8532841
1763363299.108445
1763363299.50662
1763363299.763985
1763363300.022482
1763363300.281627
1763363300.54404
1763363300.802758
1763363301.057926
1763363301.313511
1763363301.5698829
1763363301.827073
1763363302.080789
1763363302.333301
1763363302.5875058
1763363302.832248
1763363303.0901902
1763363303.342597
1763363303.6023428
1763363303.86179
1763363304.119277
1763363304.374315
1763363304.6242912
1763363304.877035
1763363305.125188
1763363305.376182
1763363305.63385
1763363305.889419
1763363306.142308
1763363306.402795
1763363306.6658502
1763363306.927128
1763363307.18199
1763363307.4336598
1763363307.688894
1763363307.943896
1763363308.202752
1763363308.459924
1763363308.719182
1763363308.977399
1763363309.238286
1763363309.482937
1763363309.7293792
1763363309.984712
1763363310.243892
1763363310.4977732
1763363310.767476
1763363311.0269818
1763363311.28073
1763363311.531625
1763363311.790923
1763363312.0450199
1763363312.306637
1763363312.566808
1763363312.8243499
1763363313.081611
1763363313.342161
1763363313.594141
1763363313.859715
1763363314.1196642
1763363314.375226
1763363314.665576
1763363314.9249449
1763363315.2043982
1763363315.4755101
1763363315.7407172
1763363316.0016
1763363316.2736
1763363316.551882
1763363316.829199
1763363317.0902588
1763363317.357724
1763363317.622185
1763363317.8906538
1763363318.158014
1763363318.431564
1763363318.700684
1763363318.963153
1763363319.2421901
1763363319.516683
1763363319.799663
1763363320.0756721
1763363320.34253
1763363320.610878
1763363320.877221
1763363321.151465
1763363321.418693
1763363321.6883242
1763363321.956903
1763363322.216384
1763363322.477547
1763363322.749281
1763363323.005592
1763363323.267811
1763363323.540459
1763363323.810865
1763363324.07286
1763363324.34835
1763363324.615977
1763363324.8740249
1763363325.146089
1763363325.408789
1763363325.675107
1763363325.94095
1763363326.222782
1763363326.4900732
1763363326.748543
1763363327.01416
1763363327.272452
1763363327.5278249
1763363327.79399
1763363328.050482
1763363328.3205152
1763363328.583271
1763363328.83873
1763363329.1063738
1763363329.377006
1763363329.643328
1763363329.9069598
1763363330.1738591
1763363330.437858
1763363330.707938
1763363330.978766
1763363331.23872
1763363331.5060658
1763363331.777327
1763363332.045117
1763363332.313944
1763363332.5722098
1763363332.839854
1763363333.102415
1763363333.364533
1763363333.6324449
1763363333.906132
1763363334.1752682
1763363334.4486852
1763363334.72058
1763363334.982669
1763363335.248585
1763363335.512966
1763363335.77064
1763363336.0332642
1763363336.294888
1763363336.5592341
1763363336.8242428
1763363337.084171
1763363337.356456
1763363337.6136699
1763363337.878677
1763363338.162994
1763363338.431593
1763363338.6969411
1763363338.95788
1763363339.226958
1763363339.495126
1763363339.760899
1763363340.0344489
1763363340.293946
1763363340.560464
1763363340.815045
1763363341.081968
1763363341.34715
1763363341.60363
1763363341.858956
1763363342.120461
1763363342.384896
1763363342.6540768
1763363342.920728
1763363343.187031
1763363343.446858
1763363343.704622
1763363343.9681091
1763363344.2138891
1763363344.487591
1763363344.755667
1763363345.018253
1763363345.2905998
1763363345.5566442
1763363345.825237
1763363346.092617
1763363346.355028
1763363346.620378
1763363346.883261
1763363347.1608052
1763363347.434304
1763363347.693563
1763363347.962093
1763363348.248627
1763363348.5156438
1763363348.805564
1763363349.080161
1763363349.353635
1763363349.624136
1763363349.889496
1763363350.152977
1763363350.411217
1763363350.680377
1763363350.961117
1763363351.225724
1763363351.4982662
1763363351.766277
1763363352.0363
1763363352.296448
1763363352.564854
1763363352.835402
1763363353.1019719
1763363353.373954
1763363353.646364
1763363353.9152808
1763363354.1768389
1763363354.445886
1763363354.720418
1763363354.97589
1763363355.2415519
1763363355.511401
1763363355.776872
1763363356.042007
1763363356.304297
1763363356.5626318
1763363356.8446789
1763363357.109055
1763363357.377655
1763363357.653148
1763363357.9530602
1763363358.248235
1763363358.5249522
1763363358.795646
1763363359.058659
1763363359.334234
1763363359.6111739
1763363359.866996
1763363360.143307
1763363360.4290402
1763363360.698061
1763363360.96145
1763363361.2313862
1763363361.506001
1763363361.772628
1763363362.0357811
1763363362.30953
1763363362.5650811
1763363362.8355432
1763363363.104827
1763363363.367858
1763363363.632343
1763363363.890232
1763363364.160501
1763363364.43714
1763363364.723058
1763363364.990242
1763363365.268499
1763363365.525583
1763363365.790268
1763363366.051805
1763363366.315423
1763363366.589396
1763363366.854271
1763363367.1252558
1763363367.4133499
1763363367.670809
1763363367.942183
1763363368.214446
1763363368.4744132
1763363368.7364428
1763363369.006009
1763363369.266389
1763363369.53692
1763363369.802881
1763363370.0714
1763363370.346823
1763363370.6085892
1763363370.8680441
1763363371.129547
1763363371.392674
1763363371.655375
1763363371.919004
1763363372.177633
1763363372.446778
1763363372.715869
1763363372.973165
1763363373.2310688
1763363373.50246
1763363373.7656991
1763363374.033324
1763363374.295537
1763363374.5716312
1763363374.838919
1763363375.106433
1763363375.3837729
1763363375.650679
1763363375.913928
1763363376.1775842
1763363376.4431639
1763363376.723419
1763363376.989413
1763363377.250797
1763363377.508427
1763363377.779861
1763363378.0358012
1763363378.295021
1763363378.5625868
1763363378.824756
1763363379.086998
1763363379.352051
1763363379.621542
1763363379.895561
1763363380.16048
1763363380.437501
1763363380.705781
1763363380.963349
1763363381.2302651
1763363381.4992929
1763363381.771827
1763363382.0362198
1763363382.304256
1763363382.571497
1763363382.833368
1763363383.102138
1763363383.371905
1763363383.6350222
1763363383.893465
1763363384.161568
1763363384.438658
1763363384.7277288
1763363384.999063
1763363385.27659
1763363385.540798
1763363385.8116019
1763363386.0735471
1763363386.336321
1763363386.604934
1763363386.871825
1763363387.143557
1763363387.406205
1763363387.677589
1763363387.952289
1763363388.21927
1763363388.4833438
1763363388.735757
1763363389.000423
1763363389.27387
1763363389.543597
1763363389.8044102
1763363390.069197
1763363390.3464441
1763363390.6015959
1763363390.856643
1763363391.131231
1763363391.3933089
1763363391.653881
1763363391.908833
1763363392.177999
1763363392.4279838
1763363392.688437
1763363392.9502609
1763363393.214357
1763363393.4717
1763363393.746549
1763363394.00739
1763363394.277059
1763363394.53773
1763363394.807026
1763363395.068599
1763363395.342721
1763363395.613968
1763363395.878311
1763363396.1353831
1763363396.395096
1763363396.6581361
1763363396.929892
1763363397.2114298
1763363397.477603
1763363397.745973
1763363398.014494
1763363398.2747068
1763363398.53818
1763363398.809621
1763363399.081538
1763363399.346708
1763363399.637901
1763363399.909804
1763363400.1645179
1763363400.459171
1763363400.732084
1763363400.9997828
1763363401.2842848
1763363401.554631
1763363401.844457
1763363402.1138508
1763363402.375544
1763363402.645099
1763363402.9117
1763363403.1790469
1763363403.451423
1763363403.713797
1763363403.973563
1763363404.247884
1763363404.516705
1763363404.778568
1763363405.041974
1763363405.312336
1763363405.578263
1763363405.8405728
1763363406.096212
1763363406.359972
1763363406.640861
1763363406.9137778
1763363407.173718
1763363407.423828
1763363407.689622
1763363407.957945
1763363408.2240682
1763363408.4848819
1763363408.75124
1763363409.0114088
1763363409.2813509
1763363409.556405
1763363409.818933
1763363410.0798562
1763363410.3555992
1763363410.6294038
1763363410.89696
1763363411.163939
1763363411.430495
1763363411.694516
1763363411.966604
1763363412.231162
1763363412.487804
1763363412.7550552
1763363413.02053
1763363413.278569
1763363413.543296
1763363413.810071
1763363414.076444
1763363414.343037
1763363414.6198778
1763363414.889069
1763363415.1594439
1763363415.4419389
1763363415.709491
1763363415.973948
1763363416.239305
1763363416.5072188
1763363416.775025
1763363417.038959
1763363417.303338
1763363417.567489
1763363417.83282
1763363418.099395
1763363418.371318
1763363418.629269
1763363418.882695
1763363419.134412
1763363419.403198
1763363419.675026
1763363419.950814
1763363420.214123
1763363420.4924512
1763363420.7553742
1763363421.024102
1763363421.291567
1763363421.55832
1763363421.81654
1763363422.081863
1763363422.3526201
1763363422.621513
1763363422.8934
1763363423.156661
1763363423.415593
1763363423.671745
1763363423.926883
1763363424.191117
1763363424.464902
1763363424.740526
1763363424.995965
1763363425.255533
1763363425.528249
1763363425.7874188
1763363426.043396
1763363426.3054101
1763363426.569314
1763363426.828048
1763363427.088492
1763363427.353267
1763363427.617633
1763363427.8876421
1763363428.1535628
1763363428.420821
1763363428.684663
1763363428.940223
1763363429.201804
1763363429.479006
1763363429.7593431
1763363430.025146
1763363430.28906
1763363430.565363
1763363430.82971
1763363431.09718
1763363431.351818
1763363431.616833
1763363431.880113
1763363432.146802
1763363432.416176
1763363432.6779342
1763363432.949292
1763363433.21588
1763363433.492859
1763363433.750574
1763363434.022159
1763363434.283094
1763363434.560416
1763363434.83695
1763363435.090365
1763363435.361577
1763363435.618144
1763363435.884162
1763363436.149857
1763363436.418862
1763363436.673876
1763363436.940303
1763363437.202533
1763363437.462189
1763363437.732668
1763363437.998563
1763363438.2675781
1763363438.525082
1763363438.790663
1763363439.062491
1763363439.327938
1763363439.604793
1763363439.874175
1763363440.1382248
1763363440.4250371
1763363440.686025
1763363440.975059
1763363441.251561
1763363441.52604
1763363441.793289
1763363442.0542028
1763363442.325374
1763363442.5938601
1763363442.852513
1763363443.1145852
1763363443.387159
1763363443.65102
1763363443.916821
1763363444.1824908
1763363444.4544199
1763363444.731764
1763363444.998007
1763363445.268766
1763363445.5456798
1763363445.820127
1763363446.073258
1763363446.336525
1763363446.599146
1763363446.856461
1763363447.119931
1763363447.382445
1763363447.644311
1763363447.9124968
1763363448.171072
1763363448.437815
1763363448.704503
1763363448.9724312
1763363449.237113
1763363449.495223
1763363449.7733839
1763363450.035944
1763363450.300853
1763363450.5628211
1763363450.8210628
1763363451.085454
1763363451.352683
1763363451.619793
1763363451.8865511
1763363452.146393
1763363452.4149299
1763363452.683756
1763363452.942063
1763363453.21363
1763363453.473186
1763363453.7419572
1763363454.007488
1763363454.2610931
1763363454.531198
1763363454.811279
1763363455.1003578
1763363455.359102
1763363455.62339
1763363455.897274
1763363456.154839
1763363456.419161
1763363456.684433
1763363456.9514618
1763363457.2177322
1763363457.485311
1763363457.753691
1763363458.0173628
1763363458.2805681
1763363458.546613
1763363458.813696
1763363459.083903
1763363459.344631
1763363459.612536
1763363459.887625
1763363460.168134
1763363460.437488
1763363460.698088
1763363460.960531
1763363461.230942
1763363461.493658
1763363461.763464
1763363462.026149
1763363462.282249
1763363462.546932
1763363462.806376
1763363463.0766342
1763363463.344194
1763363463.6059918
1763363463.871043
1763363464.13753
1763363464.3997529
1763363464.657666
1763363464.9217439
1763363465.189971
1763363465.457858
1763363465.724612
1763363465.981558
1763363466.250252
1763363466.515133
1763363466.772054
1763363467.033504
1763363467.2959712
1763363467.5618482
1763363467.834157
1763363468.099822
1763363468.362504
1763363468.629787
1763363468.894565
1763363469.157828
1763363469.4126039
1763363469.696011
1763363469.961317
1763363470.236717
1763363470.5073888
1763363470.779638
1763363471.036104
1763363471.294691
1763363471.5588832
1763363471.822808
1763363472.089708
1763363472.348116
1763363472.605818
1763363472.865252
1763363473.126462
1763363473.390125
1763363473.6580448
1763363473.9146
1763363474.177357
1763363474.44225
1763363474.715609
1763363474.975903
1763363475.2399411
1763363475.515218
1763363475.780517
1763363476.0431318
1763363476.315091
1763363476.580849
1763363476.84032
1763363477.106133
1763363477.372726
1763363477.6281118
1763363477.889654
1763363478.148746
1763363478.406538
1763363478.675751
1763363478.94061
1763363479.197495
1763363479.459211
1763363479.7282162
1763363479.989138
1763363480.256597
1763363480.527723
1763363480.799401
1763363481.0600069
1763363481.328118
1763363481.594387
1763363481.861364
1763363482.122059
1763363482.3900192
1763363482.658894
1763363482.9283478
1763363483.198173
1763363483.468532
1763363483.732973
1763363483.997256
1763363484.263187
1763363484.549122
1763363484.820107
1763363485.086761
1763363485.354332
1763363485.611201
1763363485.880278
1763363486.1500921
1763363486.424267
1763363486.700918
1763363486.9669518
1763363487.234572
1763363487.50252
1763363487.768862
1763363488.036253
1763363488.302361
1763363488.5624142
1763363488.827008
1763363489.0883598
1763363489.3569438
1763363489.620376
1763363489.8860219
1763363490.148799
1763363490.411992
1763363490.675464
1763363490.945548
1763363491.208601
1763363491.473529
1763363491.731076
1763363491.996035
1763363492.261636
1763363492.5238762
1763363492.780388
1763363493.044158
1763363493.311866
1763363493.578558
1763363493.843283
1763363494.1006389
1763363494.3674629
1763363494.634357
1763363494.897381
1763363495.1681888
1763363495.437726
1763363495.709304
1763363495.96976
1763363496.2322261
1763363496.513404
1763363496.776884
1763363497.042153
1763363497.311469
1763363497.579851
1763363497.848199
1763363498.117491
1763363498.384435
1763363498.642459
1763363498.902588
1763363499.1655848
1763363499.435134
1763363499.702176
1763363499.967503
1763363500.2398632
1763363500.508499
1763363500.7753322
1763363501.045446
1763363501.305675
1763363501.571253
1763363501.830635
1763363502.095737
1763363502.389822
1763363502.65729
1763363502.924545
1763363503.206636
1763363503.475234
1763363503.741249
1763363504.006881
1763363504.268299
1763363504.538432
1763363504.8123431
1763363505.081314
1763363505.3599858
1763363505.6281211
1763363505.882879
1763363506.141557
1763363506.4098141
1763363506.68023
1763363506.9409971
1763363507.203546
1763363507.477361
1763363507.7444339
1763363508.014493
1763363508.27838
1763363508.538652
1763363508.806675
1763363509.082093
1763363509.341909
1763363509.6041331
1763363509.8723269
1763363510.1403022
1763363510.40685
1763363510.675195
1763363510.9385018
1763363511.2039099
1763363511.465973
1763363511.732762
1763363511.997288
1763363512.259399
1763363512.527912
1763363512.795786
1763363513.057878
1763363513.329
1763363513.5907898
1763363513.8547242
1763363514.119394
1763363514.3833249
1763363514.6545548
1763363514.914102
1763363515.169787
1763363515.4405031
1763363515.705524
1763363515.975327
1763363516.237916
1763363516.4983099
1763363516.757932
1763363517.0263581
1763363517.293366
1763363517.5676212
1763363517.8360991
1763363518.1018822
1763363518.367529
1763363518.6354449
1763363518.8984241
1763363519.165059
1763363519.4266481
1763363519.703261
1763363519.9704
1763363520.2329018
1763363520.499813
1763363520.770436
1763363521.037979
1763363521.308921
1763363521.577137
1763363521.836273
1763363522.09944
1763363522.366636
1763363522.632475
1763363522.905937
1763363523.170947
1763363523.435704
1763363523.705396
1763363523.971982
1763363524.234333
1763363524.4993129
1763363524.761718
1763363525.020839
1763363525.289153
1763363525.556167
1763363525.817808
1763363526.0813582
1763363526.34977
1763363526.6149812
1763363526.877346
1763363527.141325
1763363527.408021
1763363527.6711118
1763363527.926802
1763363528.191138
1763363528.456848
1763363528.7246022
1763363528.99249
1763363529.265815
1763363529.528981
1763363529.803276
1763363530.069108
1763363530.333823
1763363530.592494
1763363530.857897
1763363531.124924
1763363531.394621
1763363531.660362
1763363531.9247448
1763363532.183394
1763363532.4404638
1763363532.707476
1763363532.978379
1763363533.242642
1763363533.504729
1763363533.7599528
1763363534.01866
1763363534.286077
1763363534.5533829
1763363534.817146
1763363535.081877
1763363535.349374
1763363535.613394
1763363535.8765829
1763363536.146276
1763363536.418846
1763363536.688138
1763363536.95809
1763363537.223729
1763363537.489389
1763363537.7558012
1763363538.032129
1763363538.298004
1763363538.5652869
1763363538.83208
1763363539.099149
1763363539.3648121
1763363539.631715
1763363539.8952599
1763363540.153486
1763363540.417822
1763363540.6803389
1763363540.945045
1763363541.2080672
1763363541.481494
1763363541.751134
1763363542.0180979
1763363542.272647
1763363542.529433
1763363542.7954361
1763363543.06107
1763363543.3246238
1763363543.577795
1763363543.844665
1763363544.113463
1763363544.379976
1763363544.651028
1763363544.910802
1763363545.175686
1763363545.440993
1763363545.70846
1763363545.974313
1763363546.244086
1763363546.507919
1763363546.7743418
1763363547.041709
1763363547.298078
1763363547.565087
1763363547.833251
1763363548.085877
1763363548.35622
1763363548.622011
1763363548.892471
1763363549.152144
1763363549.413301
1763363549.683049
1763363549.9497752
1763363550.215018
1763363550.4860642
1763363550.757882
1763363551.024153
1763363551.293292
1763363551.56229
1763363551.826847
1763363552.096669
1763363552.352041
1763363552.618484
1763363552.8801332
1763363553.154175
1763363553.422699
1763363553.6887639
1763363553.9577868
1763363554.2232
1763363554.480098
1763363554.753296
1763363555.022942
1763363555.280422
1763363555.546052
1763363555.802073
1763363556.0657852
1763363556.3291378
1763363556.586605
1763363556.850411
1763363557.113951
1763363557.384087
1763363557.65238
1763363557.914284
1763363558.1836941
1763363558.438987
1763363558.707343
1763363558.9626591
1763363559.219809
1763363559.481023
1763363559.7511868
1763363560.011073
1763363560.278474
1763363560.549171
1763363560.819453
1763363561.0762691
1763363561.341401
1763363561.5985768
1763363561.8709068
1763363562.136908
1763363562.401669
1763363562.665809
1763363562.937251
1763363563.207123
1763363563.464472
1763363563.730015
1763363564.004569
1763363564.2756639
1763363564.5400581
1763363564.814744
1763363565.1169658
1763363565.4030578
1763363565.671783
1763363565.9318788
1763363566.1987982
1763363566.4569669
1763363566.723043
1763363566.993381
1763363567.26405
1763363567.5260952
1763363567.79485
1763363568.072997
1763363568.340796
1763363568.597093
1763363568.863125
1763363569.140186
1763363569.4008682
1763363569.6648152
1763363569.9298801
1763363570.1965702
1763363570.466687
1763363570.7345312
1763363570.990612
1763363571.2563
1763363571.5206301
1763363571.7909088
1763363572.0568068
1763363572.3246348
1763363572.590113
1763363572.847232
1763363573.108661
1763363573.3731031
1763363573.638859
1763363573.906811
1763363574.174329
1763363574.43755
1763363574.7075431
1763363574.971691
1763363575.2374651
1763363575.499381
1763363575.767606
1763363576.03363
1763363576.3019829
1763363576.566904
1763363576.823595
1763363577.088876
1763363577.3500538
1763363577.6141849
1763363577.878816
1763363578.146231
1763363578.411691
1763363578.679404
1763363578.9501
1763363579.213938
1763363579.468697
1763363579.742955
1763363580.0086248
1763363580.269047
1763363580.53535
1763363580.805278
1763363581.069927
1763363581.339825
1763363581.599093
1763363581.853615
1763363582.122565
1763363582.388293
1763363582.655743
1763363582.915529
1763363583.1818008
1763363583.4497962
1763363583.706243
1763363583.9766989
1763363584.2437482
1763363584.49776
1763363584.766499
1763363585.041261
1763363585.306397
1763363585.576431
1763363585.841553
1763363586.1080909
1763363586.369757
1763363586.6271842
1763363586.891371
1763363587.1619258
1763363587.4368398
1763363587.707686
1763363587.985352
1763363588.256329
1763363588.525048
1763363588.792769
1763363589.053663
1763363589.319386
1763363589.581426
1763363589.850879
1763363590.117237
1763363590.382925
1763363590.647319
1763363590.9037282
1763363591.175285
1763363591.4325151
1763363591.701899
1763363591.964641
1763363592.23107
1763363592.496881
1763363592.760106
1763363593.030622
1763363593.306217
1763363593.571715
1763363593.84497
1763363594.113935
1763363594.3809972
1763363594.6521611
1763363594.922993
1763363595.189837
1763363595.4655008
1763363595.734793
1763363596.002696
1763363596.274422
1763363596.540694
1763363596.805503
